skill_id,skill_name,alias_name,lua_path,kind_type,weapon_damage_cof,skill_cof,surplus_cof,dot_cof
100003,三环套月·悟,移动端_三环套月,太虚剑意,Physics,1024.0,250.0,1239,
100008,三环套月·悟,移动端_三环套月_贰式,太虚剑意,Physics,1024.0,319.0,1577,
100010,无我无剑·悟,移动端_无我无剑,太虚剑意,Physics,1024.0,252.0,0,
100011,无我无剑·悟,移动端_无我无剑_贰式,太虚剑意,Physics,1024.0,298.0,1147,
100012,吞日月·悟,移动端_吞日月,太虚剑意,Physics,1024.0,392.0,0,
100013,人剑合一·悟,移动端_人剑合一,太虚剑意,Physics,1024.0,631.0,0,
100016,惊天道·悟,移动端_惊天道,太虚剑意,Physics,0.0,202.0,0,
100017,碎星辰·悟,移动端_碎星辰,太虚剑意,Physics,0.0,112.0,0,
100019,万剑归宗·悟,移动端_万剑归宗,太虚剑意,Physics,1024.0,690.0,0,
100021,吞日月·悟,移动端_吞日月_贰式,太虚剑意,Physics,1024.0,488.0,0,
100024,穿云·悟,移动端_傲血_穿云,傲血战意,Physics,1024.0,295.0,1126,
100025,雷行·悟,移动端_傲血_雷行,傲血战意,Physics,1024.0,274.0,1055,
100027,龙吟·悟,移动端_傲血_龙吟,傲血战意,Physics,1024.0,447.0,0,
100028,突·悟,移动端_傲血_突,傲血战意,Physics,1024.0,461.0,0,
100029,龙牙·悟,移动端_傲血_龙牙,傲血战意,Physics,1024.0,480.0,1843,
100030,任驰骋·悟,移动端_傲血_任驰骋,傲血战意,Physics,1024.0,0.0,0,
100031,霹雳·悟,移动端_傲血_霹雳,傲血战意,Physics,2048.0,805.0,0,
100032,灭·悟,移动端_傲血_灭,傲血战意,Physics,2048.0,722.0,0,
100034,战八方·悟,移动端_傲血_战八方,傲血战意,Physics,1024.0,596.0,0,
100036,破重围·悟,移动端_傲血_破重围,傲血战意,Physics,1024.0,0.0,0,
100039,阳明指·悟,移动端_阳明指,花间游,NeutralMagic,0.0,671.0,2140,
100041,兰摧玉折·悟,移动端_兰摧玉折,花间游,NeutralMagic,0.0,379.0,1208,
100043,玉石俱焚·悟,移动端_玉石俱焚,花间游,NeutralMagic,0.0,893.0,0,
100047,厥阴指·悟,移动端_厥阴指,花间游,NeutralMagic,0.0,811.0,0,
100048,芙蓉并蒂·悟,移动端_芙蓉并蒂,花间游,NeutralMagic,0.0,571.0,0,
100077,四象轮回·悟,移动端_四象轮回,紫霞功,NeutralMagic,0.0,456.0,1772,
100079,两仪化形·悟,移动端_两仪化形,紫霞功,NeutralMagic,0.0,1164.0,0,
100094,翔鸾舞柳·悟,移动端_翔鸾舞柳,云裳心经,LunarMagic,0.0,,0,129.0
100117,厥阴指·悟,移动端_厥阴指,离经易道,NeutralMagic,0.0,425.0,0,
100168,,移动端_上元点鬟_实际治疗,云裳心经,LunarMagic,,,0,93.0
100355,力破万钧·悟,移动端_傲血_力破万钧_戳枪,傲血战意,Physics,4096.0,1818.0,0,
100356,,移动端_傲血_力破万钧_戳枪击退伤害,傲血战意,Physics,1024.0,256.0,0,
100358,霹雳·悟,移动端_傲血_霹雳_链状子技能,傲血战意,Physics,0.0,0.0,0,
100369,,浴火战衣,测试/浴火战衣.lua,Physics,,160.0,0,
100370,,移动端_帝骖龙翔_伤害效果,移动端_七秀/子技能/移动端_帝骖龙翔_伤害效果.lua,LunarMagic,0.0,192.0,0,
100374,爆气场,移动端_气场_被引爆,太虚剑意,Physics,,480.0,0,
100388,寒江·悟,移动端_寒江_伤害效果,冰心诀,LunarMagic,0.0,173.0,553,
100390,,移动端_傲血_破坚阵实际踩人效果,傲血战意,Physics,0.0,224.0,0,
100399,破重围·悟,移动端_傲血_破重围伤害子技能,傲血战意,Physics,,199.0,0,
100400,,移动端_傲血_破重围击倒伤害子技能,傲血战意,Physics,1024.0,36.0,0,
100402,,移动端_冰心通用_急曲效果,冰心诀,LunarMagic,,,0,231.0
100413,,移动端_傲血_原地突实际伤害,傲血战意,Physics,1024.0,192.0,0,
100414,霜天剑泠·悟,移动端_霜天剑泠_每跳伤害,冰心诀,LunarMagic,,123.0,0,
100418,霜天剑泠·悟,移动端_霜天剑泠_最终伤害,冰心诀,LunarMagic,,993.0,0,
100421,穿云·悟,移动端_铁牢_穿云,铁牢律,Physics,1024.0,288.0,1106,
100422,雷行·悟,移动端_铁牢_八阵,铁牢律,Physics,1024.0,295.0,1126,
100423,定军·悟,移动端_铁牢_定军,铁牢律,Physics,1024.0,418.0,1608,
100424,龙吟·悟,移动端_铁牢_龙吟,铁牢律,Physics,0.0,192.0,0,
100425,突·悟,移动端_铁牢_突,铁牢律,Physics,1024.0,359.0,1372,
100427,沧月·悟,移动端_铁牢_沧月,铁牢律,Physics,1024.0,365.0,1403,
100429,战八方·悟,移动端_铁牢_战八方,铁牢律,Physics,1024.0,349.0,1341,
100436,力破万钧·悟,移动端_铁牢_力破万钧_戳枪,铁牢律,Physics,2048.0,1015.0,3891,
100437,,移动端_铁牢_力破万钧_实际伤害和击退,铁牢律,Physics,1024.0,256.0,0,
100440,帝骖龙翔·悟,移动端_帝骖龙翔,冰心诀,LunarMagic,0.0,888.0,0,
100442,龙牙·悟,移动端_铁牢_龙牙,铁牢律,Physics,1024.0,466.0,1792,
100444,剑气长江·悟,移动端_剑气长江_伤害效果,冰心诀,LunarMagic,0.0,661.0,0,
100458,快雪时晴·悟,移动端_快雪时晴伤害,花间游,NeutralMagic,0.0,233.0,471,
100459,,移动端_傲血_雷行_秘籍1_额外伤害,傲血战意,Physics,204.8,34.0,0,
100464,龙吟·悟,移动端_傲血_龙吟_秘籍2_群体伤害和减速,傲血战意,Physics,0.0,205.0,0,
100466,玉石俱焚·悟,移动端_玉石俱焚驱散,花间游,NeutralMagic,0.0,244.0,0,
100475,六合独尊·悟,移动端_六合独尊_伤害,紫霞功,NeutralMagic,0.0,323.0,0,
100477,,移动端_傲血_突_秘籍2_额外击倒1秒,傲血战意,Physics,,160.0,0,
100486,,移动端_傲血_龙牙_额外25%伤害,傲血战意,Physics,256.0,60.0,0,
100498,破军,移动端_傲血_沧月_秘籍1_破军伤害,傲血战意,Physics,1024.0,160.0,0,
100506,,移动端_刷新兰摧,花间游,NeutralMagic,0.0,,0,388.0
100515,,移动端_傲血_破坚阵秘籍2_5秒击倒,傲血战意,Physics,0.0,224.0,0,
100564,玳弦急曲·悟,移动端_玳弦急曲_实际伤害,冰心诀,LunarMagic,0.0,379.0,1208,
100604,,移动端_傲血_加流血通用子技能,傲血战意,Physics,,,0,432.0
100609,,移动端_铁牢_龙牙_额外25%伤害,铁牢律,Physics,102.4,160.0,0,
100610,龙牙·悟,移动端_铁牢_龙牙_断篇_群体伤害,铁牢律,Physics,0.0,184.0,0,
100620,赤日轮·悟,移动端_焚影_赤日轮,焚影圣诀,SolarMagic,0.0,321.0,1024,
100622,,移动端_焚影_赤日轮_1段（暂废）,焚影圣诀,SolarMagic,,192.0,0,
100623,赤日轮·悟,移动端_焚影_赤日轮_2段,焚影圣诀,SolarMagic,0.0,336.0,1075,
100624,赤日轮·悟,移动端_焚影_赤日轮_3段,焚影圣诀,SolarMagic,0.0,354.0,1126,
100632,幽月轮·悟,移动端_焚影_幽月轮,焚影圣诀,LunarMagic,0.0,321.0,1024,
100633,,移动端_焚影_幽月轮_1段（暂废）,焚影圣诀,LunarMagic,,192.0,0,
100634,幽月轮·悟,移动端_焚影_幽月轮_2段,焚影圣诀,LunarMagic,0.0,327.0,1044,
100635,幽月轮·悟,移动端_焚影_幽月轮_3段,焚影圣诀,LunarMagic,0.0,333.0,1065,
100644,烈日斩·悟,移动端_焚影_烈日斩,焚影圣诀,SolarMagic,0.0,365.0,1167,
100645,银月斩·悟,移动端_焚影_银月斩,焚影圣诀,LunarMagic,0.0,321.0,1024,
100649,净世破魔击·悟,移动端_焚影_净世破魔击_日,焚影圣诀,SolarMagic,0.0,801.0,0,480.0
100650,净世破魔击·悟,移动端_焚影_净世破魔击_月,焚影圣诀,LunarMagic,0.0,924.0,0,
100653,拨狗朝天·悟,移动端_拨狗朝天,笑尘诀,Physics,0.0,320.0,584,
100657,蝎心·悟,移动端_蝎心,毒经,Poison,0.0,390.0,1024,
100660,亢龙有悔·悟,移动端_亢龙有悔,笑尘诀,Physics,,760.0,0,
100661,棒打狗头·悟,移动端_棒打狗头,笑尘诀,Physics,0.0,519.0,0,
100662,祭湘君·悟,移动端_祭湘君,笑尘诀,Physics,0.0,647.0,0,
100664,拨狗朝天·悟,移动端_拨狗朝天_追加技1,笑尘诀,Physics,0.0,418.0,758,
100668,,移动端_蝎心dot,毒经,Poison,,,0,692.0
100669,蛇影·悟,移动端_蛇影,毒经,Poison,0.0,244.0,0,
100670,百足·悟,移动端_百足,毒经,Poison,0.0,634.0,0,
100671,蟾啸·悟,移动端_蟾啸,毒经,Poison,0.0,540.0,0,
100672,千丝·悟,移动端_千丝,毒经,Poison,0.0,557.0,0,
100673,灵蛊·悟,移动端_灵蛊,毒经,Poison,0.0,630.0,0,
100680,亢龙有悔·悟,移动端_亢龙有悔_追加技1,笑尘诀,Physics,,352.0,0,
100704,,悟·蚀肌弹,移动端_唐门/技能/悟·蚀肌弹.lua,Poison,1024.0,192.0,0,
100715,暗尘弥散·悟,移动端_焚影_驱夜断愁_伤害子技能,焚影圣诀,LunarMagic,0.0,1012.0,0,
100718,煌日照·悟,移动端_焚影_煌日照,焚影圣诀,SolarMagic,0.0,838.0,0,
100719,寒月耀·悟,移动端_焚影_寒月耀,焚影圣诀,LunarMagic,0.0,726.0,0,
100720,伏明众生·悟,移动端_焚影_伏明众生,焚影圣诀,SolarMagic,0.0,772.0,2468,
100721,冥月渡心·悟,移动端_焚影_冥月渡心,焚影圣诀,LunarMagic,0.0,1070.0,0,
100728,听雷·悟,移动端_听雷,藏剑,Physics,1024.0,295.0,1126,
100730,,移动端_听雷_问水子技能,藏剑,Physics,1024.0,160.0,0,
100731,,移动端_听雷_山居子技能,藏剑,Physics,1024.0,160.0,0,
100732,平湖断月·悟,移动端_平湖断月,藏剑,Physics,1024.0,351.0,0,
100733,平湖断月·悟,移动端_黄龙吐翠,藏剑,Physics,1024.0,364.0,0,
100736,夕照雷峰·悟,移动端_夕照雷峰,藏剑,Physics,1024.0,480.0,1843,
100737,云飞玉皇·悟,移动端_云飞玉皇,藏剑,Physics,1024.0,349.0,1341,
100738,伏明众生·悟,移动端_焚影_伏明众生_每跳实际伤害,焚影圣诀,SolarMagic,,440.0,0,
100739,峰插云景·悟,移动端_峰插云景,藏剑,Physics,0.0,120.0,0,
100740,峰插云景·悟,移动端_鹤归孤山,藏剑,Physics,2048.0,908.0,0,
100742,,移动端_焚影_伏明众生_最终伤害（暂废）,焚影圣诀,SolarMagic,,192.0,0,
100744,,移动端_蛇影dot,毒经,Poison,,,0,185.0
100746,,移动端_百足dot,毒经,Poison,,,0,960.0
100747,,移动端_蟾啸dot,毒经,Poison,,,0,692.0
100748,,移动端_蟾啸打断落马,毒经,Poison,,,0,288.0
100756,蛊虫引·悟,移动端_蛊虫引伤害,毒经,Poison,,415.0,0,
100760,,移动端_焚影_冥月渡心_最终伤害（暂废）,焚影圣诀,LunarMagic,,192.0,0,
100770,云飞玉皇·悟,移动端_云飞_瞬发,藏剑,Physics,1024.0,700.0,0,
100773,恶狗拦路·悟,移动端_恶狗拦路,笑尘诀,Physics,0.0,420.0,0,
100775,蜀犬吠日·悟,移动端_蜀犬吠日,笑尘诀,Physics,0.0,1167.0,0,
100779,诛邪镇魔·悟,移动端_焚影_诛邪镇魔,焚影圣诀,SolarMagic,0.0,1899.0,0,
100780,,移动端_焚影_生死劫_日（暂废）,焚影圣诀,SolarMagic,,192.0,0,
100781,,移动端_焚影_生死劫_月（暂废）,焚影圣诀,LunarMagic,,192.0,0,
100784,龙池,移动端_藏剑_龙池伤害,藏剑,Physics,,117.0,0,
100786,梦泉虎跑·悟,移动端_虎跑_冲刺攻击,藏剑,Physics,,266.0,0,
100795,云飞玉皇·悟,移动端_云飞_近距离伤害,藏剑,Physics,0.0,175.0,0,
100796,听雷·悟,移动端_听雷_贰式,藏剑,Physics,1024.0,360.0,1382,
100798,,移动端_焚影_生死劫_日_纯伤害（暂废）,焚影圣诀,SolarMagic,,192.0,0,
100799,,移动端_焚影_生死劫_月_纯伤害（暂废）,焚影圣诀,LunarMagic,,192.0,0,
100807,断潮·悟,移动端_断潮,藏剑,Physics,0.0,216.0,0,
100810,,移动端_焚影_诛邪镇魔_伤害子技能,焚影圣诀,SolarMagic,,192.0,0,
100811,风来吴山·悟,移动端_风来_实际伤害,藏剑,Physics,,335.0,0,
100812,,移动端_焚影_净世破魔击_日_AOE伤害（暂废）,焚影圣诀,SolarMagic,,192.0,0,
100816,烈日斩·悟,移动端_焚影_秘籍_满日额外AOE,焚影圣诀,SolarMagic,,192.0,0,
100818,银月斩·悟·秘章,移动端_焚影_秘籍_银月斩会心回月能,焚影圣诀,LunarMagic,0.0,185.0,0,
100819,蛟龙翻江·悟,移动端_蛟龙翻江,笑尘诀,Physics,,352.0,635,
100820,蛟龙翻江·悟,移动端_蛟龙翻江_追加技1,笑尘诀,Physics,,373.0,676,
100821,恶狗拦路·悟,移动端_恶狗拦路_追加技1,笑尘诀,Physics,0.0,580.0,0,
100822,时乘六龙·悟,移动端_时乘六龙_追加技1,笑尘诀,Physics,,396.0,0,
100839,篾片蛊·悟,移动端_篾片蛊伤害,毒经,Poison,,1204.0,0,
100841,,移动端_玉虹_伤害,藏剑,Physics,1024.0,160.0,0,
100842,,移动端_啸日_伤害逻辑,藏剑,Physics,1024.0,160.0,0,
100844,松舍问霞·悟,移动端_松舍问霞,藏剑,Physics,2048.0,712.0,0,
100846,松舍问霞·悟,移动端_松舍_攻击,藏剑,Physics,2048.0,792.0,3041,
100864,赤日轮·悟,移动端_明尊_赤日轮,明尊琉璃体,SolarMagic,0.0,265.0,0,
100865,幽月轮·悟,移动端_明尊_幽月轮,明尊琉璃体,LunarMagic,0.0,279.0,0,
100867,烈日斩·悟,移动端_明尊_烈日斩,明尊琉璃体,SolarMagic,0.0,379.0,1208,
100868,银月斩·悟,移动端_明尊_银月斩,明尊琉璃体,LunarMagic,0.0,325.0,1034,576.0
100869,戒火斩·悟,移动端_明尊_戒火斩,明尊琉璃体,SolarMagic,0.0,333.0,1065,
100870,慈悲愿·悟,移动端_明尊_慈悲愿,明尊琉璃体,LunarMagic,0.0,329.0,1055,
100871,极乐引·悟,移动端_明尊_极乐引,明尊琉璃体,LunarMagic,0.0,530.0,1700,
100896,,移动端_明尊_赤日轮_1段（暂废）,明尊琉璃体,SolarMagic,,192.0,0,
100897,赤日轮·悟,移动端_明尊_赤日轮_2段,明尊琉璃体,SolarMagic,0.0,327.0,1044,
100898,赤日轮·悟,移动端_明尊_赤日轮_3段,明尊琉璃体,SolarMagic,0.0,342.0,1096,
100899,,移动端_明尊_幽月轮_1段（暂废）,明尊琉璃体,LunarMagic,,192.0,0,
100900,幽月轮·悟,移动端_明尊_幽月轮_2段,明尊琉璃体,LunarMagic,0.0,327.0,1044,
100901,幽月轮·悟,移动端_明尊_幽月轮_3段,明尊琉璃体,LunarMagic,0.0,327.0,1044,
100902,净世破魔击·悟,移动端_明尊_净世破魔击_日,明尊琉璃体,SolarMagic,0.0,490.0,1567,
100903,净世破魔击·悟,移动端_明尊_净世破魔击_月,明尊琉璃体,LunarMagic,0.0,500.0,1597,
100904,,移动端_明尊_净世破魔击_日_AOE伤害（暂废）,明尊琉璃体,SolarMagic,,192.0,0,
100906,九溪弥烟·悟,移动端_九溪弥烟,藏剑,Physics,2048.0,719.0,0,
100910,惊涛·悟,移动端_醉月,藏剑,Physics,1024.0,461.0,0,
100923,,移动端_明尊_秘籍_命中银月额外伤害(暂废),明尊琉璃体,SolarMagic,,0.0,0,
100926,,移动端_明尊_秘籍_命中烈日额外伤害(暂废),明尊琉璃体,SolarMagic,,0.0,0,
100937,,移动端_明尊_微妙风_实际伤害（暂废）,明尊琉璃体,SolarMagic,,192.0,0,
100938,,移动端_明尊_微妙风_双系传染（暂废）,明尊琉璃体,SolarMagic,,192.0,0,
100939,,移动端_明尊_微妙风_日系传染（暂废）,明尊琉璃体,SolarMagic,,192.0,0,
100940,,移动端_明尊_微妙风_月系传染（暂废）,明尊琉璃体,LunarMagic,,192.0,0,
100941,心火叹·悟,移动端_明尊_心火叹,明尊琉璃体,SolarMagic,0.0,1170.0,3738,
100947,,移动端_明尊_奇穴1_2_无明业火_AOE仇恨（暂废）,明尊琉璃体,SolarMagic,,192.0,0,
100951,,悟·夺魄箭,移动端_唐门/技能/悟·夺魄箭.lua,Physics,2048.0,160.0,0,
100953,,悟·追命箭,移动端_唐门/技能/悟·追命箭.lua,Physics,2048.0,160.0,0,
100965,,天女散花伤害,移动端_唐门/子技能/悟·天女散花伤害.lua,Poison,,192.0,0,
100970,,天绝地灭实际伤害,移动端_唐门/子技能/悟·天绝地灭伤害.lua,Poison,,192.0,0,
100971,,暴雨梨花针伤害子技能,移动端_唐门/子技能/悟·暴雨梨花针伤害.lua,Poison,,192.0,0,
100979,,孔雀翎实际伤害,移动端_唐门/子技能/悟·孔雀翎实际伤害.lua,Poison,,192.0,0,
100984,,千秋万劫实际打伤害,移动端_唐门/子技能/悟·千秋万劫实际打伤害.lua,Poison,,192.0,0,
100999,项王击鼎·悟,移动端_项王击鼎一段,北傲决,Physics,1024.0,288.0,1106,
101000,项王击鼎·悟,移动端_项王击鼎二段,北傲决,Physics,1024.0,320.0,1229,
101001,项王击鼎·悟,移动端_项王击鼎三段,北傲决,Physics,1024.0,354.0,1362,
101002,刀啸风吟·悟,移动端_刀啸风吟,北傲决,Physics,1024.0,341.0,1311,
101003,破釜沉舟·悟,移动端_破釜沉舟,北傲决,Physics,1024.0,655.0,2509,
101006,逐鹿中州·悟,移动端_雷走风切,北傲决,Physics,1024.0,642.0,0,
101029,盾刀·悟,移动端_盾刀,苍云,Physics,1024.0,247.0,1546,
101030,盾击·悟,移动端_盾击,苍云,Physics,1024.0,288.0,1106,
101032,盾猛·悟,移动端_盾压,苍云,Physics,1024.0,418.0,0,
101035,阵云结晦·悟,移动端_阵云结晦,苍云,Physics,1024.0,306.0,1178,
101038,劫刀·悟,移动端_劫刀,苍云,Physics,1024.0,309.0,1966,
101039,隐刀·悟,移动端_隐刀,苍云,Physics,1024.0,303.0,1157,
101040,斩刀·悟,移动端_斩刀,苍云,Physics,1024.0,477.0,1823,
101041,绝刀·悟,移动端_绝刀,苍云,Physics,1024.0,597.0,0,
101042,闪刀·悟,移动端_闪刀,苍云,Physics,1024.0,285.0,1096,
101045,重弩,神机车普通攻击,移动端_唐门/技能/唐门_神机车_重弩.lua,Poison,,192.0,0,
101047,惊魄夺锋,神机车重击,移动端_唐门/技能/唐门_神机车_吟唱重击.lua,Poison,,192.0,0,
101050,项王击鼎·悟,移动端_项王击鼎第三段AOE实际伤害,北傲决,Physics,512.0,309.0,1188,
101051,,神机车冲撞技能,移动端_唐门/子技能/唐门_神机车_击退眩晕效果.lua,Poison,,192.0,0,
101054,,逐星箭伤害,移动端_唐门/子技能/逐星箭伤害.lua,Physics,1024.0,160.0,0,
101060,,百里追魂伤害,移动端_唐门/子技能/百里追魂伤害.lua,Physics,1536.0,160.0,0,
101061,,移动端_霸刀_刀啸风吟_普通伤害【暂废】,北傲决,Physics,,160.0,0,
101062,,移动端_霸刀_刀啸风吟_斩杀伤害【暂废】,北傲决,Physics,,160.0,0,
101063,,移动端_霸刀_刀啸风吟_普通伤害加双会20%【暂废】,北傲决,Physics,,160.0,0,
101064,,移动端_霸刀_刀啸风吟_斩杀伤害加双会20%【暂废】,北傲决,Physics,,160.0,0,
101065,盾刀·悟,移动端_盾刀_二段,苍云,Physics,1024.0,276.0,1731,
101066,盾刀·悟,移动端_盾刀_三段,苍云,Physics,1024.0,303.0,1894,
101068,闹须弥·悟,移动端_霸刀_闹须弥挂流血,北傲决,Physics,,434.0,0,768.0
101069,盾猛·悟,移动端_盾猛_盾墙冲刺,苍云,Physics,1024.0,429.0,0,
101070,盾击·悟,移动端_盾击_二段,苍云,Physics,1024.0,320.0,1229,
101071,盾击·悟,移动端_盾击_三段,苍云,Physics,1024.0,354.0,1362,
101078,盾猛·悟,移动端_盾猛_击倒,苍云,Physics,1024.0,429.0,0,
101080,醉斩白蛇·悟,移动端_霸刀_醉斩白蛇_普通伤害,北傲决,Physics,,333.0,0,
101081,,移动端_霸刀_醉斩白蛇_斩杀伤害【暂废】,北傲决,Physics,,160.0,0,
101082,,移动端_霸刀_醉斩白蛇_普通伤害加双会20%【暂废】,北傲决,Physics,,160.0,0,
101083,,移动端_霸刀_醉斩白蛇_斩杀伤害加双会20%【暂废】,北傲决,Physics,,160.0,0,
101087,,移动端_霸刀_雷走风切_普通伤害【暂废】,北傲决,Physics,,160.0,0,
101089,祭血关山·悟,移动端_祭血关山_每秒伤害,苍云,Physics,,103.0,0,
101108,割据秦宫·悟,移动端_霸刀_割据秦宫1段锁足,北傲决,Physics,1024.0,588.0,0,
101109,割据秦宫·悟,移动端_霸刀_割据秦宫2段眩晕,北傲决,Physics,1024.0,588.0,0,
101110,割据秦宫·悟,移动端_霸刀_割据秦宫3段击倒,北傲决,Physics,1024.0,588.0,0,
101118,擒龙六斩·悟,移动端_霸刀_擒龙六斩_1段冲刺子技能,北傲决,Physics,,700.0,0,
101119,擒龙六斩·悟,移动端_霸刀_擒龙六斩_2段冲刺子技能,北傲决,Physics,,1109.0,0,
101120,擒龙六斩·悟,移动端_霸刀_擒龙六斩_3段冲刺子技能,北傲决,Physics,,0.0,0,
101121,擒龙六斩·悟,移动端_霸刀_擒龙六斩_4段冲刺子技能,北傲决,Physics,,0.0,0,
101122,擒龙六斩·悟,移动端_霸刀_擒龙六斩_5段冲刺子技能,北傲决,Physics,,0.0,0,
101123,擒龙六斩·悟,移动端_霸刀_擒龙六斩_6段冲刺子技能,北傲决,Physics,,0.0,0,
101132,宫·悟,移动端_宫,莫问,LunarMagic,0.0,697.0,1055,
101134,商·悟,移动端_商,莫问,LunarMagic,0.0,876.0,0,
101135,羽·悟,移动端_羽,莫问,LunarMagic,0.0,828.0,0,
101138,清绝影歌·悟,移动端_清绝影歌,莫问,LunarMagic,0.0,696.0,0,
101141,不愧君·悟,移动端_不愧君,莫问,LunarMagic,0.0,1665.0,0,
101171,,移动端_苍云通用_流血,苍云,Physics,,,0,645.0
101174,绝刀·悟·破,移动端_绝刀_秘籍2_额外伤害,苍云,Physics,,40.0,1024,
101176,星垂平野·悟,移动端_星垂平野,隐龙诀,Physics,1024.0,325.0,1126,
101177,寂洪荒·悟,移动端_寂洪荒,隐龙诀,Physics,1024.0,266.0,0,
101178,残云裂·悟,移动端_残云裂,隐龙诀,Physics,2048.0,805.0,0,
101179,孤风飒踏·悟,移动端_孤风飒踏,隐龙诀,Physics,1024.0,407.0,0,
101182,金戈回澜·悟,移动端_金戈回澜_追加技1,隐龙诀,Physics,1024.0,488.0,0,
101184,骤雨寒江·悟,移动端_骤雨寒江_贰式,隐龙诀,Physics,1024.0,488.0,0,
101189,盾飞·悟,移动端_盾阵_范围伤害,苍云,Physics,,116.0,0,
101190,横云意·悟,移动端_横云意,隐龙诀,Physics,2048.0,1052.0,0,
101194,闪刀·悟,移动端_血刀,苍云,Physics,1024.0,338.0,1300,
101198,坚壁清野·悟,移动端_霸刀_坚壁清野_地毯每跳实际伤害,北傲决,Physics,,349.0,0,
101200,坚壁清野·悟,移动端_霸刀_坚壁清野_释放时单次普通伤害,北傲决,Physics,,543.0,0,
101201,,移动端_霸刀_坚壁清野_释放时单次斩杀伤害【暂废】,北傲决,Physics,,160.0,0,
101202,断马摧城·悟,移动端_断马摧城,苍云,Physics,1024.0,629.0,0,
101203,盾舞·悟,移动端_盾舞_基础伤害,苍云,Physics,,144.0,0,
101206,,移动端_阵云结晦_一段伤害,苍云,Physics,1024.0,160.0,0,
101207,阵云结晦·悟,移动端_阵云结晦_二段,苍云,Physics,1024.0,407.0,1556,
101208,,移动端_阵云结晦_二段伤害,苍云,Physics,1024.0,160.0,0,
101209,阵云结晦·悟,移动端_阵云结晦_三段,苍云,Physics,1024.0,509.0,1956,
101210,,移动端_阵云结晦_三段伤害,苍云,Physics,1024.0,160.0,0,
101211,,移动端_阵云结晦_三段额外伤害,苍云,Physics,1024.0,160.0,0,
101212,战狂·悟,移动端_分山_奇穴6_触发伤害,苍云,Physics,,1088.0,0,
101231,高山流水·悟,移动端_高山流水,莫问,LunarMagic,0.0,1536.0,0,
101232,平沙落雁·悟,移动端_平沙落雁,莫问,LunarMagic,0.0,2391.0,0,
101256,上将军印·悟,移动端_霸刀_上将军印_前方伤害_第1刀初始伤害,北傲决,Physics,1024.0,362.0,0,
101257,上将军印·悟,移动端_霸刀_上将军印_右侧伤害_第2刀递增15%,北傲决,Physics,1024.0,434.0,0,
101258,上将军印·悟,移动端_霸刀_上将军印_左侧伤害_第3刀递增30%,北傲决,Physics,1024.0,508.0,0,
101259,上将军印·悟,移动端_霸刀_上将军印_右侧伤害_第4刀递增45%,北傲决,Physics,1024.0,580.0,0,
101260,上将军印·悟,移动端_霸刀_上将军印_前方伤害_第5刀递增60%,北傲决,Physics,1024.0,652.0,0,
101262,余音,移动端_宫秘章额外伤害,莫问,LunarMagic,,605.0,911,
101263,,移动端_商dot,莫问,LunarMagic,,,0,1152.0
101264,横断山河·悟,移动端_霸刀_横断山河_击飞目标,北傲决,Physics,1024.0,650.0,0,
101269,徵·悟,移动端_徵伤害子技能,莫问,LunarMagic,,248.0,379,
101271,盾飞·悟,移动端_盾飞_贰式_爆炸,苍云,Physics,,421.0,0,
101280,,移动端_羽_非受控目标伤害,莫问,LunarMagic,,192.0,0,
101282,,移动端_羽_受控目标伤害,莫问,LunarMagic,,192.0,0,
101283,,移动端_羽_秘籍受控目标伤害,莫问,LunarMagic,,192.0,0,
101292,,击水三千一段伤害,移动端_蓬莱/子技能/击水三千一段伤害.lua,Physics,1024.0,160.0,0,
101293,,击水三千二段伤害,移动端_蓬莱/子技能/击水三千二段伤害.lua,Physics,1024.0,160.0,0,
101294,,击水三千三段伤害,移动端_蓬莱/子技能/击水三千三段伤害.lua,Physics,1024.0,160.0,0,
101295,,移动端_霸刀_擒龙六斩_残页_额外伤害【暂废】,北傲决,Physics,2048.0,160.0,0,
101303,,海运南冥普通伤害,移动端_蓬莱/子技能/海运南冥普通伤害.lua,Physics,,160.0,0,
101304,,海运南冥4尺内伤害,移动端_蓬莱/子技能/海运南冥普通伤害50%.lua,Physics,,160.0,0,
101305,,海运南冥8尺内伤害,移动端_蓬莱/子技能/海运南冥普通伤害100%.lua,Physics,,160.0,0,
101306,,木落雁归实际打伤害,移动端_蓬莱/子技能/木落雁归实际伤害.lua,Physics,2048.0,160.0,0,
101310,,定波砥澜实际伤害,移动端_蓬莱/子技能/定波砥澜实际伤害.lua,Physics,1024.0,160.0,0,
101311,无惧·悟·绝篇,移动端_无惧_秘籍2_额外伤害,苍云,Physics,,136.0,0,
101316,,跃潮斩波实际伤害,移动端_蓬莱/子技能/蓬莱_风起云扬_如来神掌实际伤害.lua,Physics,,160.0,0,
101317,撼地·悟,移动端_撼地,苍云,Physics,,416.0,1597,
101319,,浮游天地伤害技能,移动端_蓬莱/子技能/浮游天地伤害.lua,Physics,2048.0,160.0,0,
101341,乱天狼·悟,移动端_乱天狼_伤害,隐龙诀,Physics,,167.0,0,
101343,撼地·悟,移动端_撼地_击晕,苍云,Physics,,416.0,1597,
101351,飞刃回转·悟,移动端_飞刃回转_伤害,隐龙诀,Physics,,256.0,0,
101352,,移动端_彼岸花_伤害,隐龙诀,Physics,0.0,160.0,0,
101357,钩吻断肠·悟,移动端_钩吻断肠,无方,Poison,0.0,283.0,1393,
101358,钩吻断肠·悟,移动端_钩吻断肠_追加技1,无方,Poison,0.0,290.0,1434,
101359,飞叶满襟·悟,移动端_飞叶满襟,无方,Poison,0.0,331.0,1055,
101360,飞叶满襟·悟,移动端_飞叶满襟_追加技1,无方,Poison,0.0,361.0,1157,
101365,紫叶沉疴·悟,移动端_紫叶沉疴,无方,Poison,0.0,690.0,0,
101380,行云势·悟,移动端_行云势,孤锋诀,Physics,1024.0,268.0,1026,
101381,行云势·悟,移动端_行云三折,孤锋诀,Physics,1024.0,274.0,1024,
101382,沧浪势·悟,移动端_沧浪势,孤锋诀,Physics,1024.0,277.0,1063,
101383,沧浪势·悟,移动端_沧浪三叠,孤锋诀,Physics,1024.0,296.0,0,
101384,决云势·悟,移动端_决云势,孤锋诀,Physics,1024.0,530.0,0,
101385,横云势·悟,移动端_横云势,孤锋诀,Physics,0.0,191.0,0,
101387,洗兵雨·悟,移动端_洗兵雨,孤锋诀,Physics,0.0,0.0,0,
101388,留客雨·悟,移动端_留客雨,孤锋诀,Physics,1024.0,512.0,0,
101392,凝云势·悟,移动端_凝云势_二段,孤锋诀,Physics,1024.0,629.0,0,
101393,停云势·悟,移动端_停云势,孤锋诀,Physics,2048.0,885.0,0,
101395,孤锋破浪·悟,移动端_孤风破浪,孤锋诀,Physics,2048.0,1047.0,0,
101396,怒锋倾涛·悟,移动端_怒风倾涛,孤锋诀,Physics,0.0,1522.0,0,
101397,,移动端_行云势_1段【暂废】,孤锋诀,Physics,1024.0,160.0,0,
101398,,移动端_行云势_2段【暂废】,孤锋诀,Physics,1536.0,176.0,0,
101399,,移动端_行云势_3段【暂废】,孤锋诀,Physics,2048.0,192.0,0,
101403,白芷含芳·悟,移动端_白芷含芳_追加技1,灵素,Poison,0.0,,0,96.0
101417,无方中和,移动端_无方中和_实际效果,无方,Poison,,335.0,1065,669.0
101425,苍棘缚地·悟,移动端_苍棘缚地_伤害,无方,Poison,,634.0,0,
101428,,移动端_行云三折_1段【暂废】,孤锋诀,Physics,1024.0,240.0,0,
101429,,移动端_行云三折_2段【暂废】,孤锋诀,Physics,1536.0,264.0,0,
101430,,移动端_行云三折_3段【暂废】,孤锋诀,Physics,2048.0,288.0,0,
101438,,移动端_沧浪势_1段【暂废】,孤锋诀,Physics,2048.0,176.0,0,
101439,,移动端_沧浪势_2段【暂废】,孤锋诀,Physics,2560.0,192.0,0,
101440,,移动端_沧浪势_3段【暂废】,孤锋诀,Physics,3072.0,208.0,0,
101441,,移动端_沧浪三叠_1段【暂废】,孤锋诀,Physics,2048.0,248.0,0,
101442,,移动端_沧浪三叠_2段【暂废】,孤锋诀,Physics,2560.0,272.0,0,
101443,,移动端_沧浪三叠_3段【暂废】,孤锋诀,Physics,3072.0,296.0,0,
101449,,移动端_决云势_原地释放伤害【暂废】,孤锋诀,Physics,1024.0,480.0,0,
101466,三星临·悟,移动端_三星临_实际伤害,衍天宗,NeutralMagic,0.0,275.0,1434,
101467,天斗旋·悟,移动端_天斗璇_实际伤害,衍天宗,NeutralMagic,0.0,477.0,0,
101469,触石雨·悟,移动端_触石雨_抱摔用击倒,孤锋诀,Physics,0.0,628.0,0,
101479,,移动端_留客雨_实际伤害【暂废】,孤锋诀,Physics,1024.0,320.0,0,
101481,兵主逆·悟,移动端_兵主逆_伤害子技能,衍天宗,NeutralMagic,,444.0,1423,
101487,解卦·山艮·悟,移动端_解卦_土艮,衍天宗,NeutralMagic,0.0,246.0,0,
101494,祝由·火离·悟,移动端_火离_实际伤害,衍天宗,NeutralMagic,,191.0,0,
101497,杀星在尾·悟,移动端_杀星在尾_实际效果,衍天宗,NeutralMagic,,242.0,0,
101499,,移动端_凝云势_反击低伤害【暂废】,孤锋诀,Physics,2048.0,160.0,0,
101500,,移动端_凝云势_反击中伤害【暂废】,孤锋诀,Physics,2048.0,320.0,0,
101501,,移动端_凝云势_反击高伤害【暂废】,孤锋诀,Physics,2048.0,480.0,0,
101518,,移动端_停云势_流血子技能【暂废】,孤锋诀,Physics,,,0,640.0
101520,驰风八步·悟,移动端_驰风八步_1段伤害子技能,孤锋诀,Physics,,349.0,0,
101521,驰风八步·悟,移动端_驰风八步_2段伤害子技能,孤锋诀,Physics,,360.0,0,
101522,,移动端_孤风破浪_无视减伤的伤害_20%【暂废】,孤锋诀,Physics,3072.0,800.0,0,
101523,,移动端_孤风破浪_无视减伤的伤害_25%【暂废】,孤锋诀,Physics,3072.0,800.0,0,
101524,,移动端_孤风破浪_无视减伤的伤害_30%【暂废】,孤锋诀,Physics,3072.0,800.0,0,
101525,,移动端_孤风破浪_无视减伤的伤害_35%【暂废】,孤锋诀,Physics,3072.0,800.0,0,
101526,,移动端_孤风破浪_无视减伤的伤害_40%【暂废】,孤锋诀,Physics,3072.0,800.0,0,
101528,孤锋破浪·悟,移动端_孤风破浪_每跳实际伤害,孤锋诀,Physics,,588.0,0,1783.0
101529,,移动端_孤风破浪_刀气dot伤害子技能,孤锋诀,Physics,,,0,720.0
101533,,移动端_怒风倾涛_正常伤害【暂废】,孤锋诀,Physics,2048.0,800.0,0,
101535,灭影追风·悟,移动端_灭影追风_绝篇_额外伤害,孤锋诀,Physics,1024.0,104.0,0,
101544,,移动端_沧浪三叠_无表现1段,孤锋诀,Physics,2048.0,160.0,0,
101545,,移动端_沧浪三叠_无表现2段,孤锋诀,Physics,2560.0,160.0,0,
101546,,移动端_沧浪三叠_特殊表现3段,孤锋诀,Physics,3072.0,160.0,0,
101548,,移动端_孤锋诀_命中破绽概率伤害_实际伤害【暂废】,孤锋诀,Physics,1024.0,176.0,0,
101551,疾·悟,移动端_疾,傲血战意,Physics,,420.0,0,
101552,,移动端_疾_伤害眩晕子技能,傲血战意,Physics,,160.0,0,
101554,太阴指·悟,移动端_太阴指伤害,花间游,NeutralMagic,,423.0,0,
101568,生太极·悟,移动端_生太极,紫霞功,NeutralMagic,0.0,669.0,0,
101570,破苍穹·悟,移动端_破苍穹,紫霞功,NeutralMagic,0.0,87.0,0,
101571,七星拱瑞·悟,移动端_七星拱瑞,紫霞功,NeutralMagic,0.0,874.0,2796,
101581,,移动端_添加叠刃,太虚剑意,Physics,,,0,260.0
101582,厥阴指·悟,移动端_厥阴指打断成功,花间游,NeutralMagic,0.0,384.0,0,
101583,南风吐月·悟,移动端_南风吐月额外伤害,花间游,NeutralMagic,0.0,442.0,0,
101590,,移动端_握针hot,离经易道,NeutralMagic,0.0,,0,123.0
101591,,移动端_彼针hot,离经易道,NeutralMagic,0.0,,0,231.0
101593,,移动端_兰摧玉折dot,花间游,NeutralMagic,,,0,388.0
101598,坐忘通玄·悟,移动端_坐忘通玄_贰式,紫霞功,NeutralMagic,0.0,955.0,0,
101602,乾坤剑来·悟,移动端_乾坤剑来,太虚剑意,Physics,1024.0,576.0,0,
101608,江海凝光·悟,移动端_江海凝光_AOE伤害,冰心诀,LunarMagic,0.0,168.0,0,
101609,剑破虚空·悟,移动端_剑破虚空_链状技能,冰心诀,LunarMagic,,805.0,2570,
101610,剑破虚空·悟,移动端_剑破秘籍_附加伤害,冰心诀,LunarMagic,,116.0,0,
101612,剑心通明·悟,移动端_剑心通明_伤害,冰心诀,LunarMagic,0.0,855.0,0,
101613,飞剑,移动端_气剑_1把_攻击,紫霞功,NeutralMagic,,154.0,0,
101614,飞剑,移动端_气剑_2把_攻击,紫霞功,NeutralMagic,,154.0,0,
101615,飞剑,移动端_气剑_3把_攻击,紫霞功,NeutralMagic,,154.0,0,
101616,飞剑,移动端_气剑_4把_攻击,紫霞功,NeutralMagic,,154.0,0,
101617,飞剑,移动端_气剑_5把_攻击,紫霞功,NeutralMagic,,154.0,0,
101632,月出东山·悟,移动端_月出东山_通道子技能,冰心诀,LunarMagic,0.0,482.0,0,
101633,行剑千风·悟,移动端_行剑千风_过程伤害,太虚剑意,Physics,,274.0,0,
101634,行剑千风·悟,移动端_行剑千风_最后一击伤害,太虚剑意,Physics,,696.0,0,
101635,合璧知意·悟,移动端_山河流云剑,冰心诀,LunarMagic,0.0,582.0,0,
101636,月出东山·悟,移动端_月出东山_绝篇破盾,冰心诀,LunarMagic,0.0,916.0,0,
101641,江海凝光·悟,移动端_江海凝光_伤害,冰心诀,LunarMagic,0.0,177.0,0,
101642,坐忘离形·悟,移动端_坐忘离形_盾破_范围伤害,太虚剑意,Physics,,325.0,0,
101644,江海凝光·悟,移动端_江海凝光_贰式_伤害,冰心诀,LunarMagic,0.0,217.0,0,
101646,水榭花楹·悟,移动端_水榭花楹_伤害子技能,冰心诀,LunarMagic,0.0,600.0,0,
101649,合璧知意·悟,移动端_江海凝波剑_每跳伤害效果,冰心诀,LunarMagic,0.0,231.0,0,
101655,合璧知意·悟,移动端_山河流云剑_附加伤害,冰心诀,LunarMagic,0.0,288.0,0,
101658,气剑,移动端_太虚剑意_气剑命中,太虚剑意,Physics,,116.0,0,
101665,五方行尽·悟,移动端_五方行尽_延长定身目标,紫霞功,NeutralMagic,,686.0,0,
101667,七星拱瑞·悟,移动端_七星拱瑞_贰式_区域沉默,紫霞功,NeutralMagic,0.0,192.0,0,
101672,,移动端_兰摧玉折dot_加强30%（暂废）,花间游,NeutralMagic,,,0,500.0
101675,,移动端_刷新兰摧_加强30%（暂废）,花间游,NeutralMagic,,,0,500.0
101676,,移动端_握针hot_加强30%,离经易道,NeutralMagic,0.0,,0,200.0
101677,,移动端_彼针hot_加强30%,离经易道,NeutralMagic,0.0,,0,375.0
101711,宫·影,移动端_影子攻击,莫问,LunarMagic,,58.0,0,
101721,夺魄箭·悟,移动端_惊羽诀_夺魄箭,惊羽诀,Physics,1024.0,522.0,0,
101722,罡风镖·悟,移动端_惊羽诀_罡风镖,惊羽诀,Physics,1024.0,287.0,0,
101723,追命箭·悟,移动端_惊羽诀_追命箭,惊羽诀,Physics,2048.0,831.0,3185,624.0
101725,穿心弩·悟,移动端_惊羽诀_穿心弩,惊羽诀,Physics,2048.0,764.0,0,624.0
101728,雷震子·悟,移动端_惊羽诀_雷震子,惊羽诀,Physics,1024.0,560.0,0,
101733,流火连星·悟,移动端_惊羽诀_飞火连星,惊羽诀,Physics,2048.0,1220.0,0,
101735,罡风镖·悟,移动端_惊羽诀_罡风镖2段,惊羽诀,Physics,1024.0,319.0,0,
101736,罡风镖·悟,移动端_惊羽诀_罡风镖3段,惊羽诀,Physics,1024.0,351.0,0,
101752,普渡四方·悟,移动端_普渡四方,易筋经,SolarMagic,0.0,354.0,1126,
101753,守缺式·悟,移动端_守缺式,易筋经,SolarMagic,,505.0,0,
101754,韦陀献杵·悟,移动端_韦陀献杵,易筋经,SolarMagic,0.0,613.0,1956,
101755,拿云式·悟,移动端_拿云式,易筋经,SolarMagic,,776.0,0,
101756,横扫六合·悟,移动端_横扫六合,易筋经,SolarMagic,0.0,323.0,1034,1383.0
101757,捕风式·悟,移动端_捕风式,易筋经,SolarMagic,,513.0,0,
101758,抢珠式·悟,移动端_抢珠式,易筋经,SolarMagic,,851.0,0,
101759,大狮子吼·悟,移动端_大狮子吼,易筋经,SolarMagic,0.0,646.0,0,
101762,醍醐灌顶·悟,移动端_醍醐灌顶,易筋经,SolarMagic,0.0,1151.0,0,
101763,金刚日轮阵·悟,移动端_金刚日轮阵,易筋经,SolarMagic,,1185.0,0,
101764,千斤坠·悟,移动端_千斤坠,易筋经,SolarMagic,,696.0,0,
101765,普渡四方·悟,移动端_普渡四方,洗髓经,SolarMagic,0.0,321.0,1024,
101766,立地成佛·悟,移动端_立地成佛,洗髓经,SolarMagic,0.0,327.0,1044,
101767,韦陀献杵·悟,移动端_韦陀献杵,洗髓经,SolarMagic,0.0,411.0,1311,
101768,归去来棍·悟,移动端_归去来棍,洗髓经,SolarMagic,0.0,444.0,1423,
101769,横扫六合·悟,移动端_横扫六合,洗髓经,SolarMagic,0.0,384.0,1229,576.0
101770,抢珠式·悟,移动端_抢珠式,洗髓经,SolarMagic,,442.0,1413,
101771,大狮子吼·悟,移动端_大狮子吼,洗髓经,SolarMagic,0.0,358.0,1147,
101775,醍醐灌顶·悟,移动端_醍醐灌顶,洗髓经,SolarMagic,0.0,1151.0,0,
101777,流火连星·悟,移动端_惊羽诀_飞火连星_初次爆炸【暂废】,惊羽诀,Physics,,0.0,0,
101779,流火连星·悟,移动端_惊羽诀_飞火连星_二次爆炸AOE,惊羽诀,Physics,,1220.0,0,
101792,,无根-圆形范围伤害,NPC/桃园非梦/无根-砸.lua,Physics,,0.0,0,
101793,普渡四方·悟,移动端_普渡四方_二式,易筋经,SolarMagic,0.0,223.0,0,
101794,大狮子吼·悟,移动端_大狮子吼_二式,易筋经,SolarMagic,0.0,504.0,0,
101796,禅灵,移动端_禅灵,易筋经,SolarMagic,,177.0,563,
101798,惊涛·悟,移动端_惊涛,藏剑,Physics,1024.0,439.0,0,
101801,百里追魂·悟,移动端_惊羽诀_百里追魂_实际伤害,惊羽诀,Physics,,2480.0,0,
101813,暴雨索魂针·悟,移动端_惊羽诀_暴雨索魂针_命中化血的额外伤害,惊羽诀,Physics,,64.0,0,
101814,罡风镖·悟,移动端_惊羽诀_强化罡风镖,惊羽诀,Physics,0.0,389.0,0,
101815,罡风镖·悟,移动端_惊羽诀_强化罡风镖2段,惊羽诀,Physics,0.0,432.0,0,
101816,罡风镖·悟,移动端_惊羽诀_强化罡风镖3段,惊羽诀,Physics,0.0,476.0,0,
101818,普渡四方·悟,移动端_普渡四方_二式,洗髓经,SolarMagic,0.0,200.0,0,
101823,霞流宝石·悟,移动端_霞流宝石,藏剑,Physics,2048.0,719.0,0,
101825,拿云式·悟,移动端_拿云式_二式,易筋经,SolarMagic,,776.0,0,
101828,神龙降世·悟,移动端_神龙降世_伤害,笑尘诀,Physics,,2292.0,0,
101829,,无根-矩形伤害,NPC/桃园非梦/无根-矩形伤害.lua,Physics,,0.0,0,
101830,擒龙诀·悟,移动端_擒龙诀额外伤害,易筋经,SolarMagic,,192.0,0,
101832,醍醐灌顶·悟,移动端_醍醐灌顶追加攻击,易筋经,SolarMagic,,1014.0,0,
101837,金刚日轮阵·悟,移动端_金刚日轮阵_气场放技能_命中敌方,易筋经,,,477.0,0,
101838,捕风式·悟,移动端_捕风式加强,易筋经,SolarMagic,,513.0,0,
101843,,移动端_横扫六合群嘲,洗髓经,SolarMagic,,,0,231.0
101860,微妙风·悟,移动端_焚影_微妙风单次伤害,焚影圣诀,SolarMagic,,576.0,0,
101861,微妙风·悟,移动端_焚影_微妙风单次伤害（阴性）,焚影圣诀,LunarMagic,,576.0,0,
101862,日月晦·悟,移动端_焚影_日月晦,焚影圣诀,SolarMagic,0.0,640.0,0,
101863,日月晦·悟,移动端_焚影_日月晦_贰式,焚影圣诀,LunarMagic,0.0,768.0,0,
101864,日月晦·悟,移动端_焚影_日月晦_叁式,焚影圣诀,SolarMagic,0.0,897.0,0,
101866,亢龙有悔·悟,移动端_亢龙有悔_秘籍1_蓄力一掌,笑尘诀,Physics,,1319.0,0,
101875,蚀肌弹·悟,移动端_蚀肌弹,天罗诡道,Physics,,402.0,1546,
101880,千秋万劫·悟,移动端_千秋万劫,天罗诡道,Physics,0.0,535.0,0,
101887,千丝·悟,移动端_千丝绝篇伤害,毒经,Poison,,1093.0,0,
101891,天女散花·悟,移动端_天女散花_延迟出伤害,天罗诡道,Physics,,341.0,1311,
101892,煌日照·悟,移动端_明尊_煌日照,明尊琉璃体,SolarMagic,0.0,538.0,1720,
101893,寒月耀·悟,移动端_明尊_寒月耀,明尊琉璃体,LunarMagic,0.0,471.0,1505,
101894,渡厄力·悟,移动端_明尊_渡厄力,明尊琉璃体,SolarMagic,0.0,513.0,1638,
101897,微妙风·悟,移动端_明尊_微妙风_伤害子技能_日,明尊琉璃体,SolarMagic,,358.0,0,
101898,微妙风·悟,移动端_明尊_微妙风_伤害子技能_月,明尊琉璃体,LunarMagic,,358.0,0,
101901,千机重弩·悟,移动端_千机重弩_伤害,天罗诡道,Physics,,160.0,0,
101902,千机连弩·悟,移动端_千击连弩_伤害,天罗诡道,Physics,,125.0,0,
101910,蛇影·悟,移动端_蛇影秘章额外伤害,毒经,Poison,0.0,93.0,0,
101911,灵蝶·悟,移动端_化蝶伤害,毒经,Poison,,801.0,2560,
101912,寂灭蛊·悟,移动端_寂灭蛊结算伤害,毒经,Poison,0.0,1222.0,0,
101913,千机毒刹·悟,移动端_千机毒刹_伤害,天罗诡道,Physics,,71.0,0,
101914,,移动端_千机连环_伤害（暂时废弃）,天罗诡道,Physics,,160.0,0,
101915,天绝地灭·悟,移动端_天绝地灭_伤害,天罗诡道,Physics,,71.0,0,
101919,寂灭蛊·悟,移动端_蛊虫寂灭蛊伤害,毒经,Poison,,187.0,0,
101920,灵蛊·悟,移动端_灵蛊,补天诀,Poison,0.0,536.0,0,
101938,千机重弩·悟,移动端_千机重弩_秘籍1_范围爆炸伤害,天罗诡道,Physics,,40.0,0,
101939,南风吐月·悟,移动端_南风吐月秘章伤害,花间游,NeutralMagic,,621.0,1987,
101941,暗藏杀机·悟,移动端_暗藏杀机_贰式_机关爆炸,天罗诡道,Physics,,512.0,1966,
101950,穿云·悟,移动端_傲血_穿云2段,傲血战意,Physics,1024.0,360.0,1382,
101951,雷行·悟,移动端_傲血_雷行2段,傲血战意,Physics,1024.0,335.0,1280,
101952,穿云·悟,移动端_铁牢_穿云2段,铁牢律,Physics,1024.0,354.0,1362,
101953,雷行·悟,移动端_铁牢_雷行2段,铁牢律,Physics,1024.0,360.0,1382,
101954,暴雨夺命针·悟,移动端_暴雨梨花阵_伤害,天罗诡道,Physics,0.0,176.0,0,
101955,鬼斧千机·悟,移动端_鬼斧千机_伤害,天罗诡道,Physics,0.0,183.0,0,
101960,天下无狗·悟,移动端_天下无狗_伤害,笑尘诀,Physics,,252.0,0,
101962,太极无极·悟,移动端_太极无极_伤害,紫霞功,NeutralMagic,,93.0,0,
101963,太极无极·悟,移动端_太极无极_贰式_伤害,紫霞功,NeutralMagic,,112.0,358,
101970,,移动端_傲血_奇穴加流血子技能,傲血战意,Physics,,,0,495.0
101972,两仪化形·悟,移动端_两仪化形_贰式_伤害,紫霞功,NeutralMagic,,239.0,0,
101973,气破鸿蒙·悟,移动端_气破鸿蒙_伤害,紫霞功,NeutralMagic,,1959.0,0,
101974,守缺式·悟,移动端_守缺式_二式,易筋经,SolarMagic,,530.0,0,
101981,八荒归元·悟,移动端_八荒归元_伤害,太虚剑意,Physics,,860.0,0,
101982,八荒归元·悟,移动端_八荒归元_贰式_伤害,太虚剑意,Physics,,319.0,0,
101984,,移动端_天罗_添加中毒,天罗诡道,Physics,,,0,951.0
101985,星垂平野·悟,移动端_星垂平野_贰式,隐龙诀,Physics,1024.0,388.0,1485,
101986,寂洪荒·悟,移动端_寂洪荒_贰式,隐龙诀,Physics,1024.0,360.0,1382,
101989,逐星箭·悟,移动端_惊羽诀_逐星箭_实际效果,惊羽诀,Physics,,600.0,0,
101990,暴雨索魂针·悟,移动端_惊羽诀_暴雨索魂针_实际伤害,惊羽诀,Physics,,255.0,0,
101991,化血镖·悟,移动端_惊羽诀_化血镖_实际伤害,惊羽诀,Physics,,824.0,0,640.0
101998,饮雨簇·悟,移动端_饮雨簇,山海心诀,Physics,1024.0,346.0,0,
102018,劲风簇·悟,移动端_劲风簇_伤害,山海心诀,Physics,,247.0,1382,
102019,劲风簇·悟,移动端_劲风簇_贰式_伤害,山海心诀,Physics,,96.0,532,
102023,金戈回澜·悟,移动端_金戈回澜_伤害,隐龙诀,Physics,,381.0,0,
102024,霖集簇·悟,移动端_霖集簇_伤害,山海心诀,Physics,,304.0,1167,
102025,霖集簇·悟,移动端_霖集簇_贰式_伤害,山海心诀,Physics,,125.0,481,
102027,饮雨簇·悟,移动端_饮雨簇_贰式_伤害,山海心诀,Physics,410.0,162.0,0,
102028,野豕叱虎·悟,移动端_携行动物_野猪_伤害,山海心诀,Physics,,426.0,0,
102029,野豕叱虎·悟,移动端_携行动物_野猪_贰式_虎_伤害,山海心诀,Physics,,423.0,0,
102030,疾隼驰狼·悟,移动端_携行动物_鹰_伤害,山海心诀,Physics,,437.0,0,
102031,疾隼驰狼·悟,移动端_携行动物_鹰_贰式_狼_伤害,山海心诀,Physics,,477.0,0,
102032,巨熊龙象·悟,移动端_携行动物_熊_伤害,山海心诀,Physics,,418.0,0,
102033,巨熊龙象·悟,移动端_携行动物_熊_贰式大象_伤害,山海心诀,Physics,,413.0,0,
102035,朝仪万汇·悟,移动端_朝仪万汇_伤害,山海心诀,Physics,,184.0,0,
102037,白虹贯日·悟,移动端_白虹贯日_伤害,山海心诀,Physics,,2252.0,0,
102038,剑影留痕·悟,移动端_剑影留痕_伤害,冰心诀,LunarMagic,0.0,536.0,0,
102040,祭血关山·悟,移动端_祭血关山,苍云,Physics,1024.0,445.0,0,
102046,骤雨寒江·悟,移动端_骤雨寒江_伤害,隐龙诀,Physics,,389.0,0,
102047,孤风飒踏·悟,移动端_孤风飒踏_贰式_伤害,隐龙诀,Physics,338.0,224.0,0,
102054,隐风雷·悟,移动端_隐风雷_伤害,隐龙诀,Physics,,429.0,0,
102055,隐风雷·悟,移动端_隐风雷_贰式_伤害,隐龙诀,Physics,,544.0,0,
102057,高山流水·悟,移动端_高山流水额外伤害,莫问,LunarMagic,,269.0,0,
102061,盾刀·悟,移动端_铁骨衣_盾刀,苍云,Physics,1024.0,288.0,1106,
102062,盾击·悟,移动端_铁骨衣_盾击,苍云,Physics,1024.0,288.0,1106,
102064,盾猛·悟,移动端_铁骨衣_盾压,苍云,Physics,1024.0,368.0,1413,
102065,,移动端_角hot,相知,LunarMagic,,,0,308.0
102070,斩刀·悟,移动端_铁骨衣_斩刀,苍云,Physics,1024.0,428.0,1638,
102071,绝刀·悟,移动端_铁骨衣_绝刀,苍云,Physics,1024.0,466.0,1792,
102072,断马摧城·悟,移动端_铁骨衣_断马摧城,苍云,Physics,1024.0,490.0,1884,
102073,盾刀·悟,移动端_铁骨衣_盾刀_贰式,苍云,Physics,1024.0,320.0,1229,
102074,盾刀·悟,移动端_铁骨衣_盾刀_叁式,苍云,Physics,1024.0,354.0,1362,
102075,盾击·悟,移动端_铁骨衣_盾击_贰式,苍云,Physics,1024.0,320.0,1229,
102076,盾击·悟,移动端_铁骨衣_盾击_叁式,苍云,Physics,1024.0,354.0,1362,
102077,风尽浮生·悟,移动端_风尽浮生_射箭,山海心诀,Physics,,133.0,0,
102078,铁马冰河·悟,移动端_铁马冰河_伤害,隐龙诀,Physics,,429.0,0,
102079,行云势·悟,移动端_行云势_2段,孤锋诀,Physics,1024.0,298.0,1143,
102080,行云势·悟,移动端_行云势_3段,孤锋诀,Physics,1024.0,300.0,1149,
102081,斩无常·悟,移动端_斩无常_伤害,隐龙诀,Physics,512.0,216.0,0,
102082,行云势·悟,移动端_行云三折_2段,孤锋诀,Physics,1024.0,300.0,1116,
102083,行云势·悟,移动端_行云三折_3段,孤锋诀,Physics,1024.0,324.0,1208,
102085,沧浪势·悟,移动端_沧浪势_2段,孤锋诀,Physics,1024.0,284.0,1087,
102086,沧浪势·悟,移动端_沧浪势_3段,孤锋诀,Physics,1024.0,288.0,1106,
102087,沧浪势·悟,移动端_沧浪三叠_2段,孤锋诀,Physics,1024.0,314.0,0,
102088,沧浪势·悟,移动端_沧浪三叠_3段,孤锋诀,Physics,1024.0,346.0,0,
102091,击水三千·悟,移动端_击水三千_一式,凌海诀,Physics,1024.0,268.0,1024,
102092,击水三千·悟,移动端_击水三千_贰式,凌海诀,Physics,1024.0,298.0,1147,
102093,击水三千·悟,移动端_击水三千_叁式,凌海诀,Physics,1024.0,327.0,1249,
102094,木落雁归·悟,移动端_木落雁归_一式,凌海诀,Physics,1024.0,295.0,1126,
102095,木落雁归·悟,移动端_木落雁归_贰式,凌海诀,Physics,1024.0,306.0,1178,
102096,浮游天地·悟,移动端_浮游天地,凌海诀,Physics,1024.0,477.0,0,
102100,鸿渐于飞·悟,移动端_鸿渐于飞,凌海诀,Physics,0.0,141.0,0,
102102,鸿渐于飞·悟,移动端_鸿渐于飞_叁式,凌海诀,Physics,1024.0,653.0,0,
102103,溟海御波·悟,移动端_溟海御波,凌海诀,Physics,1024.0,386.0,0,
102104,逐波灵游·悟,移动端_逐波灵游,凌海诀,Physics,1024.0,522.0,0,
102111,澹然若海·悟,移动端_澹然若海,凌海诀,Physics,2048.0,783.0,0,
102112,飞倾列缺·悟,移动端_飞倾列缺,凌海诀,Physics,1024.0,637.0,0,
102116,无归·悟,移动端_双链时伤害,隐龙诀,Physics,,240.0,0,
102118,铁马冰河·悟,移动端_铁马冰河_贰式_伤害,隐龙诀,Physics,,544.0,0,
102120,鸿渐于飞·悟,移动端_鸿渐于飞_二段击倒,凌海诀,Physics,,364.0,0,
102128,跃潮斩波·悟,移动端_跃潮斩波_攻击,凌海诀,Physics,,416.0,0,
102130,定波砥澜·悟,移动端_定波砥澜_防御反击,凌海诀,Physics,2048.0,743.0,0,
102134,振翅图南·悟,移动端_振翅图南_龙卷_伤害,凌海诀,Physics,,93.0,0,
102145,澹然若海·悟,移动端_澹然若海_龙卷_伤害,凌海诀,Physics,,117.0,0,
102151,沧浪势·悟,移动端_孤锋诀_奇穴_沧浪势特殊攻击,孤锋诀,Physics,1024.0,264.0,0,
102154,狂潮·悟,移动端_孤锋诀_奇穴2-2_真实伤害,孤锋诀,Physics,2048.0,754.0,0,
102157,川乌射罔·悟,移动端_川乌射罔_伤害,无方,Poison,,265.0,0,
102158,沾衣未妨·悟,移动端_沾衣未妨_伤害,无方,Poison,,166.0,532,
102159,且待时休·悟,移动端_且待时休_伤害,无方,Poison,,463.0,0,
102160,跃潮斩波·悟,移动端_跃潮斩波_额外伤害,凌海诀,Physics,,448.0,0,
102161,定波砥澜·悟,移动端_定波砥澜_秘籍,凌海诀,Physics,2048.0,808.0,3103,
102163,青圃着尘·悟,移动端_青圃着尘_伤害,无方,Poison,,323.0,0,
102164,并蒂夺株·悟,移动端_并蒂夺株_伤害,无方,Poison,,187.0,594,
102165,归平野·悟,移动端_归平野_伤害,山海心诀,Physics,,501.0,0,
102167,归平野·悟,移动端_归平野_贰式_伤害,山海心诀,Physics,,514.0,0,
102169,归平野·悟,移动端_归平野_叁式_伤害,山海心诀,Physics,,528.0,0,
102172,绿野蔓生·悟,移动端_绿野蔓生_伤害,无方,Poison,,730.0,0,
102173,振翅图南·悟,移动端_振翅图南_秘籍_额外伤害,凌海诀,Physics,,306.0,0,
102185,鬼星开穴·悟,移动端_鬼星开穴_实际伤害,衍天宗,NeutralMagic,,2299.0,0,
102187,鬼星开穴·悟,移动端_鬼星开穴_灯魂伤害,衍天宗,NeutralMagic,,1767.0,0,
102193,火离·悟,移动端_火离_额外伤害,衍天宗,NeutralMagic,,100.0,0,
102194,,移动端_鸿蒙天禁_秘籍_DOT,衍天宗,NeutralMagic,,,0,1440.0
102201,飞倾列缺·悟,移动端_飞倾列缺_升空伤害,凌海诀,Physics,,871.0,0,
102203,飞倾列缺·悟,移动端_飞倾列缺_持续伤害,凌海诀,Physics,,247.0,0,
102205,辰星·悟,移动端_衍天_奇穴2_实际伤害,衍天宗,NeutralMagic,,127.0,0,
102207,浩渺·悟,移动端_奇穴4_驰风震域_引爆伤害,凌海诀,Physics,,509.0,1954,
102211,,移动端_万灵_动物_流血,山海心诀,Physics,,,0,768.0
102212,祭血关山·悟,移动端_祭血关山_贰式_伤害,苍云,Physics,,135.0,0,
102216,红绡倩风·悟,移动端_红绡倩风,云裳心经,LunarMagic,0.0,,0,250.0
102220,横云势·悟,移动端_断云势,孤锋诀,Physics,1024.0,319.0,1219,
102222,,移动端_孤锋诀_加流血通用子技能,孤锋诀,Physics,,,0,464.0
102225,决云势·悟,移动端_决云势_2段,孤锋诀,Physics,1024.0,386.0,0,
102228,溟海御波·悟,移动端_溟海御波_贰式,凌海诀,Physics,1024.0,399.0,0,
102235,九溟·悟,移动端_空中击落_额外伤害,凌海诀,Physics,,352.0,0,
102237,击浪·悟,移动端_奇穴5_冲刺爆发_额外伤害,凌海诀,Physics,,300.0,0,
102238,奇门飞宫·悟,移动端_奇门飞宫_每秒伤害,衍天宗,NeutralMagic,,33.0,0,
102247,飞宫·悟,移动端_奇门飞宫_撞击伤害,衍天宗,NeutralMagic,,373.0,0,
102248,列宿游·悟,移动端_列宿游_实际伤害,衍天宗,NeutralMagic,,1542.0,0,
102249,飞宫·悟,移动端_奇门飞宫_连撞伤害,衍天宗,NeutralMagic,,540.0,0,
102253,连缘蛊·悟,移动端_连缘蛊伤害,毒经,Poison,,356.0,0,
102254,寂灭蛊·悟,移动端_寂灭蛊伤害,毒经,Poison,,187.0,0,
102265,天斗旋·悟,移动端_衍天_天斗璇_秘籍伤害,衍天宗,NeutralMagic,,96.0,0,
102267,盾舞·悟,移动端_铁骨衣_盾舞_基础伤害,苍云,Physics,,112.0,430,
102270,盾猛·悟,移动端_铁骨衣_盾猛_攻击,苍云,Physics,,263.0,0,
102276,破坚阵·悟,移动端_傲血_破坚阵_马下效果,傲血战意,Physics,1024.0,653.0,0,
102277,破坚阵·悟,移动端_傲血_破坚阵_马上效果,傲血战意,Physics,1024.0,653.0,0,
102280,一阳指·悟,移动端_一阳指,段氏,NeutralMagic,0.0,344.0,1608,
102282,引窍·悟,移动端_引窍,段氏,NeutralMagic,0.0,778.0,0,
102303,空蒙扇·悟,移动端_空蒙扇_伤害,段氏,NeutralMagic,,283.0,0,
102304,空蒙扇·悟,移动端_空蒙扇_贰式_伤害,段氏,NeutralMagic,,346.0,1106,
102305,锁神·悟,移动端_锁神_伤害,段氏,NeutralMagic,,219.0,696,
102306,破穴·悟,移动端_破穴_伤害,段氏,NeutralMagic,,536.0,0,
102308,破穴·悟,移动端_破穴_贰式_伤害,段氏,NeutralMagic,,536.0,0,
102309,截阳·悟,移动端_截阳_伤害,段氏,NeutralMagic,,776.0,0,
102310,骤风令·悟,移动端_骤风令_伤害,段氏,NeutralMagic,,672.0,0,
102311,断脉·悟,移动端_断脉_伤害,段氏,NeutralMagic,,323.0,0,
102312,一阳化生·悟,移动端_一阳化生_伤害,段氏,NeutralMagic,,164.0,0,
102313,锁神·悟,移动端_锁神_秘籍绝篇_伤害,段氏,NeutralMagic,,191.0,0,
102315,抟风令·悟,移动端_抟风令_拉拽_伤害,段氏,NeutralMagic,,329.0,0,
102316,抟风令·悟,移动端_抟风令_击倒_伤害,段氏,NeutralMagic,,1967.0,0,
102318,断脉·悟,移动端_断脉_二段伤害,段氏,NeutralMagic,,323.0,0,
102323,风扬·悟,移动端_悬剑_奇穴伤害,段氏,NeutralMagic,,327.0,0,
102331,时乘六龙·悟,移动端_时乘六龙_伤害,笑尘诀,Physics,,154.0,0,
102332,龙啸九天·悟,移动端_龙啸九天_伤害,笑尘诀,Physics,,212.0,0,
102339,横断山河·悟,移动端_霸刀_横断山河_2段击落实际逻辑,北傲决,Physics,3072.0,1384.0,0,
102347,攻击,移动端_宠物普通攻击,毒经,Poison,,358.0,0,
102357,对影·悟,移动端_对影额外伤害,莫问,LunarMagic,,331.0,0,
102358,,移动端_全团上角,相知,LunarMagic,,,0,308.0
102359,水月无间·悟·贰式,移动端_钟林毓秀,花间游,NeutralMagic,0.0,515.0,0,
102360,,移动端_钟林毓秀dot,花间游,NeutralMagic,,,0,323.0
102362,连缘蛊·悟,移动端_连缘蛊尾跳伤害,毒经,Poison,,886.0,0,
102366,阵云结晦·悟,移动端_分山劲_阵云结晦,苍云,Physics,1024.0,543.0,0,
102367,阵云结晦·悟,移动端_分山劲_阵云结晦_二段,苍云,Physics,1024.0,677.0,0,
102368,阵云结晦·悟,移动端_分山劲_阵云结晦_三段,苍云,Physics,2048.0,767.0,0,
102369,微妙风·悟,移动端_焚影_微妙风单次伤害_传染,焚影圣诀,SolarMagic,,192.0,0,
102370,微妙风·悟,移动端_焚影_微妙风单次伤害_传染（阴性）,焚影圣诀,LunarMagic,,192.0,0,
102371,,移动端_水榭花楹_锁足子技能,冰心诀,LunarMagic,0.0,0.0,0,
102372,,移动端_焚影_银月斩DOT子技能,焚影圣诀,LunarMagic,,,0,768.0
102374,,移动端_回风微澜秘章_aoe中毒,无方,Poison,,,0,669.0
102388,烈日斩·悟,移动端_焚影_烈日斩命中月Dot额外伤害,焚影圣诀,SolarMagic,0.0,384.0,0,
102389,银月斩·悟,移动端_焚影_银月斩命中日Debuff额外伤害,焚影圣诀,LunarMagic,0.0,384.0,0,
102390,,移动端_傲血_破坚阵_马下秘籍续击倒效果,傲血战意,Physics,1024.0,653.0,0,
